RunAccession,SampleAccession,DatasetAccession,LibraryStrategy,DatasetReadable,PairedEnd,Source,Endedness
ERR4319927,ERS4805133,ERP122753,rRNA,ERP122753,True,SRA,
ERR4319930,ERS4805134,ERP122753,rRNA,ERP122753,True,SRA,
ERR4319936,ERS4805135,ERP122753,rRNA,ERP122753,True,SRA,
ERR4319933,ERS4805136,ERP122753,rRNA,ERP122753,True,SRA,
ERR4319918,ERS4805137,ERP122753,rRNA,ERP122753,True,SRA,
ERR4319915,ERS4805138,ERP122753,rRNA,ERP122753,True,SRA,
ERR4319912,ERS4805139,ERP122753,rRNA,ERP122753,True,SRA,
ERR4319921,ERS4805140,ERP122753,rRNA,ERP122753,True,SRA,
ERR4319924,ERS4805141,ERP122753,rRNA,ERP122753,True,SRA,
ERR4319928,ERS4805142,ERP122753,rRNA,ERP122753,True,SRA,
ERR4319931,ERS4805143,ERP122753,rRNA,ERP122753,True,SRA,
ERR4319937,ERS4805144,ERP122753,rRNA,ERP122753,True,SRA,
ERR4319934,ERS4805145,ERP122753,rRNA,ERP122753,True,SRA,
ERR4319919,ERS4805146,ERP122753,rRNA,ERP122753,True,SRA,
ERR4319916,ERS4805147,ERP122753,rRNA,ERP122753,True,SRA,
ERR4319913,ERS4805148,ERP122753,rRNA,ERP122753,True,SRA,
ERR4319922,ERS4805149,ERP122753,rRNA,ERP122753,True,SRA,
ERR4319925,ERS4805150,ERP122753,rRNA,ERP122753,True,SRA,
ERR4319929,ERS4805151,ERP122753,rRNA,ERP122753,True,SRA,
ERR4319932,ERS4805152,ERP122753,rRNA,ERP122753,True,SRA,
ERR4319938,ERS4805153,ERP122753,rRNA,ERP122753,True,SRA,
ERR4319935,ERS4805154,ERP122753,rRNA,ERP122753,True,SRA,
ERR4319920,ERS4805155,ERP122753,rRNA,ERP122753,True,SRA,
ERR4319917,ERS4805156,ERP122753,rRNA,ERP122753,True,SRA,
ERR4319914,ERS4805157,ERP122753,rRNA,ERP122753,True,SRA,
ERR4319923,ERS4805158,ERP122753,rRNA,ERP122753,True,SRA,
ERR4319926,ERS4805159,ERP122753,rRNA,ERP122753,True,SRA,
SRR2968323,SRS1185350,SRP066848,PolyA,SRP066848,True,SRA,
SRR2968324,SRS1185349,SRP066848,PolyA,SRP066848,True,SRA,
SRR2968325,SRS1185351,SRP066848,PolyA,SRP066848,True,SRA,
SRR2968326,SRS1185348,SRP066848,PolyA,SRP066848,True,SRA,
SRR2968327,SRS1185347,SRP066848,PolyA,SRP066848,True,SRA,
SRR2968328,SRS1185346,SRP066848,PolyA,SRP066848,True,SRA,
SRR3161757,SRS1322707,SRP069883,PolyA,SRP069883,True,SRA,
SRR3161758,SRS1322706,SRP069883,PolyA,SRP069883,True,SRA,
SRR3161759,SRS1322704,SRP069883,PolyA,SRP069883,True,SRA,
SRR3161760,SRS1322705,SRP069883,PolyA,SRP069883,True,SRA,
SRR3161761,SRS1322703,SRP069883,PolyA,SRP069883,True,SRA,
SRR3161762,SRS1322702,SRP069883,PolyA,SRP069883,True,SRA,
SRR3161763,SRS1322700,SRP069883,PolyA,SRP069883,True,SRA,
SRR3161764,SRS1322701,SRP069883,PolyA,SRP069883,True,SRA,
SRR3161765,SRS1322699,SRP069883,PolyA,SRP069883,True,SRA,
SRR3161766,SRS1322698,SRP069883,PolyA,SRP069883,True,SRA,
SRR3161767,SRS1322696,SRP069883,PolyA,SRP069883,True,SRA,
SRR3161768,SRS1322697,SRP069883,PolyA,SRP069883,True,SRA,
SRR3161769,SRS1322695,SRP069883,PolyA,SRP069883,True,SRA,
SRR3161770,SRS1322693,SRP069883,PolyA,SRP069883,True,SRA,
SRR3161771,SRS1322694,SRP069883,PolyA,SRP069883,True,SRA,
SRR3161772,SRS1322692,SRP069883,PolyA,SRP069883,True,SRA,
SRR3161773,SRS1322691,SRP069883,PolyA,SRP069883,True,SRA,
SRR3161774,SRS1322690,SRP069883,PolyA,SRP069883,True,SRA,
SRR3161775,SRS1322689,SRP069883,PolyA,SRP069883,True,SRA,
SRR3161776,SRS1322688,SRP069883,PolyA,SRP069883,True,SRA,
SRR3161777,SRS1322686,SRP069883,PolyA,SRP069883,True,SRA,
SRR3161778,SRS1322687,SRP069883,PolyA,SRP069883,True,SRA,
SRR3161779,SRS1322685,SRP069883,PolyA,SRP069883,True,SRA,
SRR3161780,SRS1322684,SRP069883,PolyA,SRP069883,True,SRA,
SRR3161781,SRS1322682,SRP069883,PolyA,SRP069883,True,SRA,
SRR3161782,SRS1322681,SRP069883,PolyA,SRP069883,True,SRA,
SRR3161783,SRS1322683,SRP069883,PolyA,SRP069883,True,SRA,
SRR3161784,SRS1322680,SRP069883,PolyA,SRP069883,True,SRA,
SRR3161785,SRS1322679,SRP069883,PolyA,SRP069883,True,SRA,
SRR3161786,SRS1322678,SRP069883,PolyA,SRP069883,True,SRA,
SRR3161787,SRS1322677,SRP069883,PolyA,SRP069883,True,SRA,
SRR3161788,SRS1322676,SRP069883,PolyA,SRP069883,True,SRA,
SRR3161789,SRS1322674,SRP069883,PolyA,SRP069883,True,SRA,
SRR3161790,SRS1322673,SRP069883,PolyA,SRP069883,True,SRA,
SRR3161791,SRS1322672,SRP069883,PolyA,SRP069883,True,SRA,
SRR3161792,SRS1322671,SRP069883,PolyA,SRP069883,True,SRA,
SRR3161793,SRS1322670,SRP069883,PolyA,SRP069883,True,SRA,
SRR3161794,SRS1322675,SRP069883,PolyA,SRP069883,True,SRA,
SRR3161795,SRS1322669,SRP069883,PolyA,SRP069883,True,SRA,
SRR3161796,SRS1322668,SRP069883,PolyA,SRP069883,True,SRA,
SRR5812564,SRS2343053,SRP111368,PolyA,SRP111368,True,SRA,
SRR5812565,SRS2343052,SRP111368,PolyA,SRP111368,True,SRA,
SRR5812566,SRS2343054,SRP111368,PolyA,SRP111368,True,SRA,
SRR5812567,SRS2343055,SRP111368,PolyA,SRP111368,True,SRA,
SRR5812568,SRS2343056,SRP111368,PolyA,SRP111368,True,SRA,
SRR5812569,SRS2343057,SRP111368,PolyA,SRP111368,True,SRA,
SRR5812570,SRS2343058,SRP111368,PolyA,SRP111368,True,SRA,
SRR5812571,SRS2343058,SRP111368,PolyA,SRP111368,True,SRA,
SRR5812572,SRS2343059,SRP111368,PolyA,SRP111368,True,SRA,
SRR5812573,SRS2343059,SRP111368,PolyA,SRP111368,True,SRA,
SRR5812574,SRS2343060,SRP111368,PolyA,SRP111368,True,SRA,
SRR5812575,SRS2343060,SRP111368,PolyA,SRP111368,True,SRA,
SRR5812576,SRS2343061,SRP111368,PolyA,SRP111368,True,SRA,
SRR5812577,SRS2343061,SRP111368,PolyA,SRP111368,True,SRA,
SRR5812578,SRS2343062,SRP111368,PolyA,SRP111368,True,SRA,
SRR5812579,SRS2343062,SRP111368,PolyA,SRP111368,True,SRA,
SRR5812580,SRS2343063,SRP111368,PolyA,SRP111368,True,SRA,
SRR5812581,SRS2343063,SRP111368,PolyA,SRP111368,True,SRA,
SRR7779168,SRS3734914,SRP159459,PolyA,SRP159459,True,SRA,
SRR7779169,SRS3734915,SRP159459,PolyA,SRP159459,True,SRA,
SRR7779170,SRS3734916,SRP159459,PolyA,SRP159459,True,SRA,
SRR7779171,SRS3734917,SRP159459,PolyA,SRP159459,True,SRA,
SRR7779172,SRS3734918,SRP159459,PolyA,SRP159459,True,SRA,
SRR7779173,SRS3734919,SRP159459,PolyA,SRP159459,True,SRA,
SRR7779174,SRS3734920,SRP159459,PolyA,SRP159459,True,SRA,
SRR7779175,SRS3734925,SRP159459,PolyA,SRP159459,True,SRA,
SRR7779176,SRS3734921,SRP159459,PolyA,SRP159459,True,SRA,
SRR7779177,SRS3734922,SRP159459,PolyA,SRP159459,True,SRA,
SRR7779178,SRS3734923,SRP159459,PolyA,SRP159459,True,SRA,
SRR7779179,SRS3734924,SRP159459,PolyA,SRP159459,True,SRA,
SRR7779180,SRS3734926,SRP159459,PolyA,SRP159459,True,SRA,
SRR7779181,SRS3734927,SRP159459,PolyA,SRP159459,True,SRA,
SRR7779182,SRS3734928,SRP159459,PolyA,SRP159459,True,SRA,
SRR7779183,SRS3734929,SRP159459,PolyA,SRP159459,True,SRA,
SRR7779184,SRS3734930,SRP159459,PolyA,SRP159459,True,SRA,
SRR7779185,SRS3734948,SRP159459,PolyA,SRP159459,True,SRA,
SRR7779186,SRS3734931,SRP159459,PolyA,SRP159459,True,SRA,
SRR7779187,SRS3734932,SRP159459,PolyA,SRP159459,True,SRA,
SRR7779188,SRS3734933,SRP159459,PolyA,SRP159459,True,SRA,
SRR7779189,SRS3734934,SRP159459,PolyA,SRP159459,True,SRA,
SRR7779190,SRS3734935,SRP159459,PolyA,SRP159459,True,SRA,
SRR7779191,SRS3734936,SRP159459,PolyA,SRP159459,True,SRA,
SRR7779192,SRS3734937,SRP159459,PolyA,SRP159459,True,SRA,
SRR7779193,SRS3734938,SRP159459,PolyA,SRP159459,True,SRA,
SRR7779194,SRS3734939,SRP159459,PolyA,SRP159459,True,SRA,
SRR7779195,SRS3734940,SRP159459,PolyA,SRP159459,True,SRA,
SRR7779196,SRS3734941,SRP159459,PolyA,SRP159459,True,SRA,
SRR7779197,SRS3734942,SRP159459,PolyA,SRP159459,True,SRA,
SRR7779198,SRS3734943,SRP159459,PolyA,SRP159459,True,SRA,
SRR7779199,SRS3734949,SRP159459,PolyA,SRP159459,True,SRA,
SRR7779200,SRS3734944,SRP159459,PolyA,SRP159459,True,SRA,
SRR7779201,SRS3734945,SRP159459,PolyA,SRP159459,True,SRA,
SRR7779202,SRS3734946,SRP159459,PolyA,SRP159459,True,SRA,
SRR7779203,SRS3734947,SRP159459,PolyA,SRP159459,True,SRA,
SRR10572664,SRS5751706,SRP234382,rRNA,SRP234382,True,SRA,
SRR10572663,SRS5751707,SRP234382,rRNA,SRP234382,True,SRA,
SRR10572662,SRS5751708,SRP234382,rRNA,SRP234382,True,SRA,
SRR10572661,SRS5751709,SRP234382,rRNA,SRP234382,True,SRA,
SRR10572660,SRS5751710,SRP234382,rRNA,SRP234382,True,SRA,
SRR10572659,SRS5751711,SRP234382,rRNA,SRP234382,True,SRA,
SRR10572658,SRS5751712,SRP234382,rRNA,SRP234382,True,SRA,
SRR10572657,SRS5751713,SRP234382,rRNA,SRP234382,True,SRA,
SRR10995631,SRS6086035,SRP246348,PolyA,SRP246348,True,SRA,
SRR10995632,SRS6086035,SRP246348,PolyA,SRP246348,True,SRA,
SRR10995633,SRS6086035,SRP246348,PolyA,SRP246348,True,SRA,
SRR10995634,SRS6086035,SRP246348,PolyA,SRP246348,True,SRA,
SRR10995635,SRS6086037,SRP246348,PolyA,SRP246348,True,SRA,
SRR10995636,SRS6086037,SRP246348,PolyA,SRP246348,True,SRA,
SRR10995637,SRS6086037,SRP246348,PolyA,SRP246348,True,SRA,
SRR10995638,SRS6086037,SRP246348,PolyA,SRP246348,True,SRA,
SRR10995639,SRS6086036,SRP246348,PolyA,SRP246348,True,SRA,
SRR10995640,SRS6086036,SRP246348,PolyA,SRP246348,True,SRA,
SRR10995641,SRS6086036,SRP246348,PolyA,SRP246348,True,SRA,
SRR10995642,SRS6086036,SRP246348,PolyA,SRP246348,True,SRA,
SRR10995643,SRS6086038,SRP246348,PolyA,SRP246348,True,SRA,
SRR10995644,SRS6086038,SRP246348,PolyA,SRP246348,True,SRA,
SRR10995645,SRS6086038,SRP246348,PolyA,SRP246348,True,SRA,
SRR10995646,SRS6086038,SRP246348,PolyA,SRP246348,True,SRA,
SRR10995647,SRS6086039,SRP246348,PolyA,SRP246348,True,SRA,
SRR10995648,SRS6086039,SRP246348,PolyA,SRP246348,True,SRA,
SRR10995649,SRS6086039,SRP246348,PolyA,SRP246348,True,SRA,
SRR10995650,SRS6086039,SRP246348,PolyA,SRP246348,True,SRA,
SRR10995651,SRS6086040,SRP246348,PolyA,SRP246348,True,SRA,
SRR10995652,SRS6086040,SRP246348,PolyA,SRP246348,True,SRA,
SRR10995653,SRS6086040,SRP246348,PolyA,SRP246348,True,SRA,
SRR10995654,SRS6086040,SRP246348,PolyA,SRP246348,True,SRA,
SRR10995655,SRS6086041,SRP246348,PolyA,SRP246348,True,SRA,
SRR10995656,SRS6086041,SRP246348,PolyA,SRP246348,True,SRA,
SRR10995657,SRS6086041,SRP246348,PolyA,SRP246348,True,SRA,
SRR10995658,SRS6086041,SRP246348,PolyA,SRP246348,True,SRA,
SRR10995659,SRS6086042,SRP246348,PolyA,SRP246348,True,SRA,
SRR10995660,SRS6086042,SRP246348,PolyA,SRP246348,True,SRA,
SRR10995661,SRS6086042,SRP246348,PolyA,SRP246348,True,SRA,
SRR10995662,SRS6086042,SRP246348,PolyA,SRP246348,True,SRA,
SRR10995663,SRS6086043,SRP246348,PolyA,SRP246348,True,SRA,
SRR10995664,SRS6086043,SRP246348,PolyA,SRP246348,True,SRA,
SRR10995665,SRS6086043,SRP246348,PolyA,SRP246348,True,SRA,
SRR10995666,SRS6086043,SRP246348,PolyA,SRP246348,True,SRA,
SRR10995667,SRS6086044,SRP246348,PolyA,SRP246348,True,SRA,
SRR10995668,SRS6086044,SRP246348,PolyA,SRP246348,True,SRA,
SRR10995669,SRS6086044,SRP246348,PolyA,SRP246348,True,SRA,
SRR10995670,SRS6086044,SRP246348,PolyA,SRP246348,True,SRA,
SRR10995671,SRS6086045,SRP246348,PolyA,SRP246348,True,SRA,
SRR10995672,SRS6086045,SRP246348,PolyA,SRP246348,True,SRA,
SRR10995673,SRS6086045,SRP246348,PolyA,SRP246348,True,SRA,
SRR10995674,SRS6086045,SRP246348,PolyA,SRP246348,True,SRA,
SRR10995675,SRS6086046,SRP246348,PolyA,SRP246348,True,SRA,
SRR10995676,SRS6086046,SRP246348,PolyA,SRP246348,True,SRA,
SRR10995677,SRS6086046,SRP246348,PolyA,SRP246348,True,SRA,
SRR10995678,SRS6086046,SRP246348,PolyA,SRP246348,True,SRA,
SRR10995679,SRS6086047,SRP246348,PolyA,SRP246348,True,SRA,
SRR10995680,SRS6086047,SRP246348,PolyA,SRP246348,True,SRA,
SRR10995681,SRS6086047,SRP246348,PolyA,SRP246348,True,SRA,
SRR10995682,SRS6086047,SRP246348,PolyA,SRP246348,True,SRA,
SRR10995683,SRS6086048,SRP246348,PolyA,SRP246348,True,SRA,
SRR10995684,SRS6086048,SRP246348,PolyA,SRP246348,True,SRA,
SRR10995685,SRS6086048,SRP246348,PolyA,SRP246348,True,SRA,
SRR10995686,SRS6086048,SRP246348,PolyA,SRP246348,True,SRA,
SRR10995687,SRS6086049,SRP246348,PolyA,SRP246348,True,SRA,
SRR10995688,SRS6086049,SRP246348,PolyA,SRP246348,True,SRA,
SRR10995689,SRS6086049,SRP246348,PolyA,SRP246348,True,SRA,
SRR10995690,SRS6086049,SRP246348,PolyA,SRP246348,True,SRA,
SRR10995691,SRS6086050,SRP246348,PolyA,SRP246348,True,SRA,
SRR10995692,SRS6086050,SRP246348,PolyA,SRP246348,True,SRA,
SRR10995693,SRS6086050,SRP246348,PolyA,SRP246348,True,SRA,
SRR10995694,SRS6086050,SRP246348,PolyA,SRP246348,True,SRA,
SRR10995695,SRS6086051,SRP246348,PolyA,SRP246348,True,SRA,
SRR10995696,SRS6086051,SRP246348,PolyA,SRP246348,True,SRA,
SRR10995697,SRS6086051,SRP246348,PolyA,SRP246348,True,SRA,
SRR10995698,SRS6086051,SRP246348,PolyA,SRP246348,True,SRA,
SRR10995699,SRS6086052,SRP246348,PolyA,SRP246348,True,SRA,
SRR10995700,SRS6086052,SRP246348,PolyA,SRP246348,True,SRA,
SRR10995701,SRS6086052,SRP246348,PolyA,SRP246348,True,SRA,
SRR10995702,SRS6086052,SRP246348,PolyA,SRP246348,True,SRA,
SRR14860925,SRS9236356,SRP324587,PolyA,SRP324587,True,SRA,
SRR14860939,SRS9236356,SRP324587,PolyA,SRP324587,True,SRA,
SRR14860940,SRS9236356,SRP324587,PolyA,SRP324587,True,SRA,
SRR14860926,SRS9236360,SRP324587,PolyA,SRP324587,True,SRA,
SRR14860927,SRS9236360,SRP324587,PolyA,SRP324587,True,SRA,
SRR14860928,SRS9236360,SRP324587,PolyA,SRP324587,True,SRA,
SRR14860933,SRS9236358,SRP324587,PolyA,SRP324587,True,SRA,
SRR14860934,SRS9236358,SRP324587,PolyA,SRP324587,True,SRA,
SRR14860935,SRS9236358,SRP324587,PolyA,SRP324587,True,SRA,
SRR14860936,SRS9236357,SRP324587,PolyA,SRP324587,True,SRA,
SRR14860937,SRS9236357,SRP324587,PolyA,SRP324587,True,SRA,
SRR14860938,SRS9236357,SRP324587,PolyA,SRP324587,True,SRA,
SRR14860941,SRS9236355,SRP324587,PolyA,SRP324587,True,SRA,
SRR14860942,SRS9236355,SRP324587,PolyA,SRP324587,True,SRA,
SRR14860932,SRS9236355,SRP324587,PolyA,SRP324587,True,SRA,
SRR14860929,SRS9236359,SRP324587,PolyA,SRP324587,True,SRA,
SRR14860930,SRS9236359,SRP324587,PolyA,SRP324587,True,SRA,
SRR14860931,SRS9236359,SRP324587,PolyA,SRP324587,True,SRA,
INH010101,INH010100,INH010000,rRNA,INH01_Papez,True,In-House,Paired
INH010102,INH010100,INH010000,rRNA,INH01_Papez,True,In-House,Paired
INH010103,INH010100,INH010000,rRNA,INH01_Papez,True,In-House,Paired
INH010104,INH010100,INH010000,rRNA,INH01_Papez,True,In-House,Paired
INH010201,INH010200,INH010000,rRNA,INH01_Papez,True,In-House,Paired
INH010202,INH010200,INH010000,rRNA,INH01_Papez,True,In-House,Paired
INH010203,INH010200,INH010000,rRNA,INH01_Papez,True,In-House,Paired
INH010204,INH010200,INH010000,rRNA,INH01_Papez,True,In-House,Paired
INH010301,INH010300,INH010000,rRNA,INH01_Papez,True,In-House,Paired
INH010302,INH010300,INH010000,rRNA,INH01_Papez,True,In-House,Paired
INH010303,INH010300,INH010000,rRNA,INH01_Papez,True,In-House,Paired
INH010304,INH010300,INH010000,rRNA,INH01_Papez,True,In-House,Paired
INH010402,INH010400,INH010000,rRNA,INH01_Papez,True,In-House,Paired
INH010403,INH010400,INH010000,rRNA,INH01_Papez,True,In-House,Paired
INH010404,INH010400,INH010000,rRNA,INH01_Papez,True,In-House,Paired
INH010501,INH010500,INH010000,rRNA,INH01_Papez,True,In-House,Paired
INH010502,INH010500,INH010000,rRNA,INH01_Papez,True,In-House,Paired
INH010503,INH010500,INH010000,rRNA,INH01_Papez,True,In-House,Paired
INH010504,INH010500,INH010000,rRNA,INH01_Papez,True,In-House,Paired
INH010601,INH010600,INH010000,rRNA,INH01_Papez,True,In-House,Paired
INH010602,INH010600,INH010000,rRNA,INH01_Papez,True,In-House,Paired
INH010603,INH010600,INH010000,rRNA,INH01_Papez,True,In-House,Paired
INH010604,INH010600,INH010000,rRNA,INH01_Papez,True,In-House,Paired
INH010701,INH010700,INH010000,rRNA,INH01_Papez,True,In-House,Paired
INH010702,INH010700,INH010000,rRNA,INH01_Papez,True,In-House,Paired
INH010703,INH010700,INH010000,rRNA,INH01_Papez,True,In-House,Paired
INH010704,INH010700,INH010000,rRNA,INH01_Papez,True,In-House,Paired
INH010801,INH010800,INH010000,rRNA,INH01_Papez,True,In-House,Paired
INH010802,INH010800,INH010000,rRNA,INH01_Papez,True,In-House,Paired
INH010803,INH010800,INH010000,rRNA,INH01_Papez,True,In-House,Paired
INH010804,INH010800,INH010000,rRNA,INH01_Papez,True,In-House,Paired
INH010901,INH010900,INH010000,rRNA,INH01_Papez,True,In-House,Paired
INH010902,INH010900,INH010000,rRNA,INH01_Papez,True,In-House,Paired
INH010903,INH010900,INH010000,rRNA,INH01_Papez,True,In-House,Paired
INH010904,INH010900,INH010000,rRNA,INH01_Papez,True,In-House,Paired
INH011001,INH011000,INH010000,rRNA,INH01_Papez,True,In-House,Paired
INH011002,INH011000,INH010000,rRNA,INH01_Papez,True,In-House,Paired
INH011003,INH011000,INH010000,rRNA,INH01_Papez,True,In-House,Paired
INH011004,INH011000,INH010000,rRNA,INH01_Papez,True,In-House,Paired
INH011101,INH011100,INH010000,rRNA,INH01_Papez,True,In-House,Paired
INH011102,INH011100,INH010000,rRNA,INH01_Papez,True,In-House,Paired
INH011103,INH011100,INH010000,rRNA,INH01_Papez,True,In-House,Paired
INH011104,INH011100,INH010000,rRNA,INH01_Papez,True,In-House,Paired
INH011201,INH011200,INH010000,rRNA,INH01_Papez,True,In-House,Paired
INH011202,INH011200,INH010000,rRNA,INH01_Papez,True,In-House,Paired
INH011203,INH011200,INH010000,rRNA,INH01_Papez,True,In-House,Paired
INH011204,INH011200,INH010000,rRNA,INH01_Papez,True,In-House,Paired
INH020101,INH020100,INH020000,rRNA,INH02_NovakProducers,False,In-House,Single
INH020102,INH020100,INH020000,rRNA,INH02_NovakProducers,False,In-House,Single
INH020103,INH020100,INH020000,rRNA,INH02_NovakProducers,False,In-House,Single
INH020104,INH020100,INH020000,rRNA,INH02_NovakProducers,False,In-House,Single
INH020105,INH020100,INH020000,rRNA,INH02_NovakProducers,False,In-House,Single
INH020106,INH020100,INH020000,rRNA,INH02_NovakProducers,False,In-House,Single
INH020107,INH020100,INH020000,rRNA,INH02_NovakProducers,False,In-House,Single
INH020201,INH020200,INH020000,rRNA,INH02_NovakProducers,False,In-House,Single
INH020202,INH020200,INH020000,rRNA,INH02_NovakProducers,False,In-House,Single
INH020203,INH020200,INH020000,rRNA,INH02_NovakProducers,False,In-House,Single
INH020301,INH020300,INH020000,rRNA,INH02_NovakProducers,False,In-House,Single
INH020302,INH020300,INH020000,rRNA,INH02_NovakProducers,False,In-House,Single
INH020303,INH020300,INH020000,rRNA,INH02_NovakProducers,False,In-House,Single
INH020304,INH020300,INH020000,rRNA,INH02_NovakProducers,False,In-House,Single
INH020401,INH020400,INH020000,rRNA,INH02_NovakProducers,False,In-House,Single
INH020402,INH020400,INH020000,rRNA,INH02_NovakProducers,False,In-House,Single
INH020403,INH020400,INH020000,rRNA,INH02_NovakProducers,False,In-House,Single
INH020404,INH020400,INH020000,rRNA,INH02_NovakProducers,False,In-House,Single
INH020501,INH020500,INH020000,rRNA,INH02_NovakProducers,False,In-House,Single
INH020502,INH020500,INH020000,rRNA,INH02_NovakProducers,False,In-House,Single
INH020503,INH020500,INH020000,rRNA,INH02_NovakProducers,False,In-House,Single
INH020504,INH020500,INH020000,rRNA,INH02_NovakProducers,False,In-House,Single
INH020601,INH020600,INH020000,rRNA,INH02_NovakProducers,False,In-House,Single
INH020602,INH020600,INH020000,rRNA,INH02_NovakProducers,False,In-House,Single
INH020603,INH020600,INH020000,rRNA,INH02_NovakProducers,False,In-House,Single
INH020604,INH020600,INH020000,rRNA,INH02_NovakProducers,False,In-House,Single
INH020701,INH020700,INH020000,rRNA,INH02_NovakProducers,False,In-House,Single
INH020702,INH020700,INH020000,rRNA,INH02_NovakProducers,False,In-House,Single
INH020703,INH020700,INH020000,rRNA,INH02_NovakProducers,False,In-House,Single
INH020704,INH020700,INH020000,rRNA,INH02_NovakProducers,False,In-House,Single
INH020705,INH020700,INH020000,rRNA,INH02_NovakProducers,False,In-House,Single
INH020801,INH020800,INH020000,rRNA,INH02_NovakProducers,False,In-House,Single
INH020802,INH020800,INH020000,rRNA,INH02_NovakProducers,False,In-House,Single
INH020803,INH020800,INH020000,rRNA,INH02_NovakProducers,False,In-House,Single
INH020901,INH020900,INH020000,rRNA,INH02_NovakProducers,False,In-House,Single
INH020902,INH020900,INH020000,rRNA,INH02_NovakProducers,False,In-House,Single
INH020903,INH020900,INH020000,rRNA,INH02_NovakProducers,False,In-House,Single
INH021001,INH021000,INH020000,rRNA,INH02_NovakProducers,False,In-House,Single
INH021002,INH021000,INH020000,rRNA,INH02_NovakProducers,False,In-House,Single
INH021003,INH021000,INH020000,rRNA,INH02_NovakProducers,False,In-House,Single
INH021101,INH021100,INH020000,rRNA,INH02_NovakProducers,False,In-House,Single
INH021102,INH021100,INH020000,rRNA,INH02_NovakProducers,False,In-House,Single
INH021103,INH021100,INH020000,rRNA,INH02_NovakProducers,False,In-House,Single
INH021201,INH021200,INH020000,rRNA,INH02_NovakProducers,False,In-House,Single
INH021202,INH021200,INH020000,rRNA,INH02_NovakProducers,False,In-House,Single
INH021203,INH021200,INH020000,rRNA,INH02_NovakProducers,False,In-House,Single
INH021301,INH021300,INH020000,rRNA,INH02_NovakProducers,False,In-House,Single
INH021302,INH021300,INH020000,rRNA,INH02_NovakProducers,False,In-House,Single
INH021303,INH021300,INH020000,rRNA,INH02_NovakProducers,False,In-House,Single
INH021401,INH021400,INH020000,rRNA,INH02_NovakProducers,False,In-House,Single
INH021402,INH021400,INH020000,rRNA,INH02_NovakProducers,False,In-House,Single
INH021403,INH021400,INH020000,rRNA,INH02_NovakProducers,False,In-House,Single
INH021404,INH021400,INH020000,rRNA,INH02_NovakProducers,False,In-House,Single
INH021501,INH021500,INH020000,rRNA,INH02_NovakProducers,False,In-House,Single
INH021502,INH021500,INH020000,rRNA,INH02_NovakProducers,False,In-House,Single
INH021503,INH021500,INH020000,rRNA,INH02_NovakProducers,False,In-House,Single
INH021504,INH021500,INH020000,rRNA,INH02_NovakProducers,False,In-House,Single
INH021601,INH021600,INH020000,rRNA,INH02_NovakProducers,False,In-House,Single
INH021602,INH021600,INH020000,rRNA,INH02_NovakProducers,False,In-House,Single
INH021603,INH021600,INH020000,rRNA,INH02_NovakProducers,False,In-House,Single
INH021701,INH021700,INH020000,rRNA,INH02_NovakProducers,False,In-House,Single
INH021702,INH021700,INH020000,rRNA,INH02_NovakProducers,False,In-House,Single
INH021703,INH021700,INH020000,rRNA,INH02_NovakProducers,False,In-House,Single
INH021704,INH021700,INH020000,rRNA,INH02_NovakProducers,False,In-House,Single
INH021801,INH021800,INH020000,rRNA,INH02_NovakProducers,False,In-House,Single
INH021802,INH021800,INH020000,rRNA,INH02_NovakProducers,False,In-House,Single
INH021803,INH021800,INH020000,rRNA,INH02_NovakProducers,False,In-House,Single
INH021901,INH021900,INH020000,rRNA,INH02_NovakProducers,False,In-House,Single
INH021902,INH021900,INH020000,rRNA,INH02_NovakProducers,False,In-House,Single
INH021903,INH021900,INH020000,rRNA,INH02_NovakProducers,False,In-House,Single
INH021904,INH021900,INH020000,rRNA,INH02_NovakProducers,False,In-House,Single
INH022001,INH022000,INH020000,rRNA,INH02_NovakProducers,False,In-House,Single
INH022002,INH022000,INH020000,rRNA,INH02_NovakProducers,False,In-House,Single
INH022003,INH022000,INH020000,rRNA,INH02_NovakProducers,False,In-House,Single
INH022101,INH022100,INH020000,rRNA,INH02_NovakProducers,False,In-House,Single
INH022102,INH022100,INH020000,rRNA,INH02_NovakProducers,False,In-House,Single
INH022103,INH022100,INH020000,rRNA,INH02_NovakProducers,False,In-House,Single
INH022201,INH022200,INH020000,rRNA,INH02_NovakProducers,False,In-House,Single
INH022202,INH022200,INH020000,rRNA,INH02_NovakProducers,False,In-House,Single
INH022203,INH022200,INH020000,rRNA,INH02_NovakProducers,False,In-House,Single
INH022301,INH022300,INH020000,rRNA,INH02_NovakProducers,False,In-House,Single
INH022302,INH022300,INH020000,rRNA,INH02_NovakProducers,False,In-House,Single
INH022303,INH022300,INH020000,rRNA,INH02_NovakProducers,False,In-House,Single
INH022304,INH022300,INH020000,rRNA,INH02_NovakProducers,False,In-House,Single
INH022401,INH022400,INH020000,rRNA,INH02_NovakProducers,False,In-House,Single
INH022402,INH022400,INH020000,rRNA,INH02_NovakProducers,False,In-House,Single
INH022403,INH022400,INH020000,rRNA,INH02_NovakProducers,False,In-House,Single
INH022404,INH022400,INH020000,rRNA,INH02_NovakProducers,False,In-House,Single
INH022501,INH022500,INH020000,rRNA,INH02_NovakProducers,False,In-House,Single
INH022502,INH022500,INH020000,rRNA,INH02_NovakProducers,False,In-House,Single
INH022503,INH022500,INH020000,rRNA,INH02_NovakProducers,False,In-House,Single
INH022504,INH022500,INH020000,rRNA,INH02_NovakProducers,False,In-House,Single
INH022601,INH022600,INH020000,rRNA,INH02_NovakProducers,False,In-House,Single
INH022602,INH022600,INH020000,rRNA,INH02_NovakProducers,False,In-House,Single
INH022603,INH022600,INH020000,rRNA,INH02_NovakProducers,False,In-House,Single
INH022701,INH022700,INH020000,rRNA,INH02_NovakProducers,False,In-House,Single
INH022702,INH022700,INH020000,rRNA,INH02_NovakProducers,False,In-House,Single
INH022703,INH022700,INH020000,rRNA,INH02_NovakProducers,False,In-House,Single
INH022801,INH022800,INH020000,rRNA,INH02_NovakProducers,False,In-House,Single
INH022802,INH022800,INH020000,rRNA,INH02_NovakProducers,False,In-House,Single
INH022803,INH022800,INH020000,rRNA,INH02_NovakProducers,False,In-House,Single
INH022901,INH022900,INH020000,rRNA,INH02_NovakProducers,False,In-House,Single
INH022902,INH022900,INH020000,rRNA,INH02_NovakProducers,False,In-House,Single
INH022903,INH022900,INH020000,rRNA,INH02_NovakProducers,False,In-House,Single
INH022904,INH022900,INH020000,rRNA,INH02_NovakProducers,False,In-House,Single
INH023001,INH023000,INH020000,rRNA,INH02_NovakProducers,False,In-House,Single
INH023002,INH023000,INH020000,rRNA,INH02_NovakProducers,False,In-House,Single
INH023003,INH023000,INH020000,rRNA,INH02_NovakProducers,False,In-House,Single
INH023004,INH023000,INH020000,rRNA,INH02_NovakProducers,False,In-House,Single
INH023101,INH023100,INH020000,rRNA,INH02_NovakProducers,False,In-House,Single
INH023102,INH023100,INH020000,rRNA,INH02_NovakProducers,False,In-House,Single
INH023103,INH023100,INH020000,rRNA,INH02_NovakProducers,False,In-House,Single
INH023104,INH023100,INH020000,rRNA,INH02_NovakProducers,False,In-House,Single
INH030101,INH030100,INH030000,rRNA,INH03_WeingunySubclones,False,In-House,Single
INH030102,INH030100,INH030000,rRNA,INH03_WeingunySubclones,False,In-House,Single
INH030201,INH030200,INH030000,rRNA,INH03_WeingunySubclones,False,In-House,Single
INH030202,INH030200,INH030000,rRNA,INH03_WeingunySubclones,False,In-House,Single
INH030301,INH030300,INH030000,rRNA,INH03_WeingunySubclones,False,In-House,Single
INH030302,INH030300,INH030000,rRNA,INH03_WeingunySubclones,False,In-House,Single
INH030401,INH030400,INH030000,rRNA,INH03_WeingunySubclones,False,In-House,Single
INH030402,INH030400,INH030000,rRNA,INH03_WeingunySubclones,False,In-House,Single
INH030501,INH030500,INH030000,rRNA,INH03_WeingunySubclones,False,In-House,Single
INH030502,INH030500,INH030000,rRNA,INH03_WeingunySubclones,False,In-House,Single
INH030601,INH030600,INH030000,rRNA,INH03_WeingunySubclones,False,In-House,Single
INH030602,INH030600,INH030000,rRNA,INH03_WeingunySubclones,False,In-House,Single
INH030701,INH030700,INH030000,rRNA,INH03_WeingunySubclones,False,In-House,Single
INH030702,INH030700,INH030000,rRNA,INH03_WeingunySubclones,False,In-House,Single
INH030801,INH030800,INH030000,rRNA,INH03_WeingunySubclones,False,In-House,Single
INH030802,INH030800,INH030000,rRNA,INH03_WeingunySubclones,False,In-House,Single
INH030901,INH030900,INH030000,rRNA,INH03_WeingunySubclones,False,In-House,Single
INH030902,INH030900,INH030000,rRNA,INH03_WeingunySubclones,False,In-House,Single
INH031001,INH031000,INH030000,rRNA,INH03_WeingunySubclones,False,In-House,Single
INH031002,INH031000,INH030000,rRNA,INH03_WeingunySubclones,False,In-House,Single
INH031101,INH031100,INH030000,rRNA,INH03_WeingunySubclones,False,In-House,Single
INH031102,INH031100,INH030000,rRNA,INH03_WeingunySubclones,False,In-House,Single
INH031201,INH031200,INH030000,rRNA,INH03_WeingunySubclones,False,In-House,Single
INH031202,INH031200,INH030000,rRNA,INH03_WeingunySubclones,False,In-House,Single
INH031301,INH031300,INH030000,rRNA,INH03_WeingunySubclones,False,In-House,Single
INH031302,INH031300,INH030000,rRNA,INH03_WeingunySubclones,False,In-House,Single
INH031401,INH031400,INH030000,rRNA,INH03_WeingunySubclones,False,In-House,Single
INH031402,INH031400,INH030000,rRNA,INH03_WeingunySubclones,False,In-House,Single
INH040101,INH040100,INH040000,rRNA,INH04_WeingunySubclonability,False,In-House,Single
INH040102,INH040100,INH040000,rRNA,INH04_WeingunySubclonability,False,In-House,Single
INH040201,INH040200,INH040000,rRNA,INH04_WeingunySubclonability,False,In-House,Single
INH040202,INH040200,INH040000,rRNA,INH04_WeingunySubclonability,False,In-House,Single
INH040301,INH040300,INH040000,rRNA,INH04_WeingunySubclonability,False,In-House,Single
INH040302,INH040300,INH040000,rRNA,INH04_WeingunySubclonability,False,In-House,Single
INH040401,INH040400,INH040000,rRNA,INH04_WeingunySubclonability,False,In-House,Single
INH040402,INH040400,INH040000,rRNA,INH04_WeingunySubclonability,False,In-House,Single
INH040501,INH040500,INH040000,rRNA,INH04_WeingunySubclonability,False,In-House,Single
INH040502,INH040500,INH040000,rRNA,INH04_WeingunySubclonability,False,In-House,Single
INH040601,INH040600,INH040000,rRNA,INH04_WeingunySubclonability,False,In-House,Single
INH040602,INH040600,INH040000,rRNA,INH04_WeingunySubclonability,False,In-House,Single
INH040701,INH040700,INH040000,rRNA,INH04_WeingunySubclonability,False,In-House,Single
INH040702,INH040700,INH040000,rRNA,INH04_WeingunySubclonability,False,In-House,Single
INH040801,INH040800,INH040000,rRNA,INH04_WeingunySubclonability,False,In-House,Single
INH040802,INH040800,INH040000,rRNA,INH04_WeingunySubclonability,False,In-House,Single
INH040901,INH040900,INH040000,rRNA,INH04_WeingunySubclonability,False,In-House,Single
INH040902,INH040900,INH040000,rRNA,INH04_WeingunySubclonability,False,In-House,Single
INH041001,INH041000,INH040000,rRNA,INH04_WeingunySubclonability,False,In-House,Single
INH041002,INH041000,INH040000,rRNA,INH04_WeingunySubclonability,False,In-House,Single
INH041101,INH041100,INH040000,rRNA,INH04_WeingunySubclonability,False,In-House,Single
INH041102,INH041100,INH040000,rRNA,INH04_WeingunySubclonability,False,In-House,Single
INH041201,INH041200,INH040000,rRNA,INH04_WeingunySubclonability,False,In-House,Single
INH041202,INH041200,INH040000,rRNA,INH04_WeingunySubclonability,False,In-House,Single
INH050101,INH050100,INH050000,rRNA,INH05_Novak2019Clones,False,In-House,Single
INH050102,INH050100,INH050000,rRNA,INH05_Novak2019Clones,False,In-House,Single
INH050103,INH050100,INH050000,rRNA,INH05_Novak2019Clones,False,In-House,Single
INH050104,INH050100,INH050000,rRNA,INH05_Novak2019Clones,False,In-House,Single
INH050201,INH050200,INH050000,rRNA,INH05_Novak2019Clones,False,In-House,Single
INH050202,INH050200,INH050000,rRNA,INH05_Novak2019Clones,False,In-House,Single
INH050203,INH050200,INH050000,rRNA,INH05_Novak2019Clones,False,In-House,Single
INH050204,INH050200,INH050000,rRNA,INH05_Novak2019Clones,False,In-House,Single
INH050301,INH050300,INH050000,rRNA,INH05_Novak2019Clones,False,In-House,Single
INH050302,INH050300,INH050000,rRNA,INH05_Novak2019Clones,False,In-House,Single
INH050303,INH050300,INH050000,rRNA,INH05_Novak2019Clones,False,In-House,Single
INH050304,INH050300,INH050000,rRNA,INH05_Novak2019Clones,False,In-House,Single
INH050401,INH050400,INH050000,rRNA,INH05_Novak2019Clones,False,In-House,Single
INH050402,INH050400,INH050000,rRNA,INH05_Novak2019Clones,False,In-House,Single
INH050403,INH050400,INH050000,rRNA,INH05_Novak2019Clones,False,In-House,Single
INH050404,INH050400,INH050000,rRNA,INH05_Novak2019Clones,False,In-House,Single
INH050501,INH050500,INH050000,rRNA,INH05_Novak2019Clones,False,In-House,Single
INH050502,INH050500,INH050000,rRNA,INH05_Novak2019Clones,False,In-House,Single
INH050503,INH050500,INH050000,rRNA,INH05_Novak2019Clones,False,In-House,Single
INH050504,INH050500,INH050000,rRNA,INH05_Novak2019Clones,False,In-House,Single
INH050601,INH050600,INH050000,rRNA,INH05_Novak2019Clones,False,In-House,Single
INH050602,INH050600,INH050000,rRNA,INH05_Novak2019Clones,False,In-House,Single
INH050603,INH050600,INH050000,rRNA,INH05_Novak2019Clones,False,In-House,Single
INH050604,INH050600,INH050000,rRNA,INH05_Novak2019Clones,False,In-House,Single
INH050701,INH050700,INH050000,rRNA,INH05_Novak2019Clones,False,In-House,Single
INH050702,INH050700,INH050000,rRNA,INH05_Novak2019Clones,False,In-House,Single
INH050703,INH050700,INH050000,rRNA,INH05_Novak2019Clones,False,In-House,Single
INH050704,INH050700,INH050000,rRNA,INH05_Novak2019Clones,False,In-House,Single
INH050801,INH050800,INH050000,rRNA,INH05_Novak2019Clones,False,In-House,Single
INH050802,INH050800,INH050000,rRNA,INH05_Novak2019Clones,False,In-House,Single
INH050803,INH050800,INH050000,rRNA,INH05_Novak2019Clones,False,In-House,Single
INH050804,INH050800,INH050000,rRNA,INH05_Novak2019Clones,False,In-House,Single
INH050901,INH050900,INH050000,rRNA,INH05_Novak2019Clones,False,In-House,Single
INH050902,INH050900,INH050000,rRNA,INH05_Novak2019Clones,False,In-House,Single
INH050903,INH050900,INH050000,rRNA,INH05_Novak2019Clones,False,In-House,Single
INH050904,INH050900,INH050000,rRNA,INH05_Novak2019Clones,False,In-House,Single
INH051001,INH051000,INH050000,rRNA,INH05_Novak2019Clones,False,In-House,Single
INH051002,INH051000,INH050000,rRNA,INH05_Novak2019Clones,False,In-House,Single
INH051003,INH051000,INH050000,rRNA,INH05_Novak2019Clones,False,In-House,Single
INH051004,INH051000,INH050000,rRNA,INH05_Novak2019Clones,False,In-House,Single
INH051101,INH051100,INH050000,rRNA,INH05_Novak2019Clones,False,In-House,Single
INH051102,INH051100,INH050000,rRNA,INH05_Novak2019Clones,False,In-House,Single
INH051103,INH051100,INH050000,rRNA,INH05_Novak2019Clones,False,In-House,Single
INH051104,INH051100,INH050000,rRNA,INH05_Novak2019Clones,False,In-House,Single
INH051201,INH051200,INH050000,rRNA,INH05_Novak2019Clones,False,In-House,Single
INH051202,INH051200,INH050000,rRNA,INH05_Novak2019Clones,False,In-House,Single
INH051203,INH051200,INH050000,rRNA,INH05_Novak2019Clones,False,In-House,Single
INH051204,INH051200,INH050000,rRNA,INH05_Novak2019Clones,False,In-House,Single
INH051301,INH051300,INH050000,rRNA,INH05_Novak2019Clones,False,In-House,Single
INH051302,INH051300,INH050000,rRNA,INH05_Novak2019Clones,False,In-House,Single
INH051303,INH051300,INH050000,rRNA,INH05_Novak2019Clones,False,In-House,Single
INH051304,INH051300,INH050000,rRNA,INH05_Novak2019Clones,False,In-House,Single
INH051401,INH051400,INH050000,rRNA,INH05_Novak2019Clones,False,In-House,Single
INH051402,INH051400,INH050000,rRNA,INH05_Novak2019Clones,False,In-House,Single
INH051403,INH051400,INH050000,rRNA,INH05_Novak2019Clones,False,In-House,Single
INH051404,INH051400,INH050000,rRNA,INH05_Novak2019Clones,False,In-House,Single
INH051501,INH051500,INH050000,rRNA,INH05_Novak2019Clones,False,In-House,Single
INH051502,INH051500,INH050000,rRNA,INH05_Novak2019Clones,False,In-House,Single
INH051503,INH051500,INH050000,rRNA,INH05_Novak2019Clones,False,In-House,Single
INH051504,INH051500,INH050000,rRNA,INH05_Novak2019Clones,False,In-House,Single
INH051601,INH051600,INH050000,rRNA,INH05_Novak2019Clones,False,In-House,Single
INH051602,INH051600,INH050000,rRNA,INH05_Novak2019Clones,False,In-House,Single
INH051603,INH051600,INH050000,rRNA,INH05_Novak2019Clones,False,In-House,Single
INH051604,INH051600,INH050000,rRNA,INH05_Novak2019Clones,False,In-House,Single
INH051701,INH051700,INH050000,rRNA,INH05_Novak2019Clones,False,In-House,Single
INH051702,INH051700,INH050000,rRNA,INH05_Novak2019Clones,False,In-House,Single
INH051703,INH051700,INH050000,rRNA,INH05_Novak2019Clones,False,In-House,Single
INH051704,INH051700,INH050000,rRNA,INH05_Novak2019Clones,False,In-House,Single
INH051801,INH051800,INH050000,rRNA,INH05_Novak2019Clones,False,In-House,Single
INH051802,INH051800,INH050000,rRNA,INH05_Novak2019Clones,False,In-House,Single
INH051803,INH051800,INH050000,rRNA,INH05_Novak2019Clones,False,In-House,Single
INH051804,INH051800,INH050000,rRNA,INH05_Novak2019Clones,False,In-House,Single
INH051901,INH051900,INH050000,rRNA,INH05_Novak2019Clones,False,In-House,Single
INH051902,INH051900,INH050000,rRNA,INH05_Novak2019Clones,False,In-House,Single
INH051903,INH051900,INH050000,rRNA,INH05_Novak2019Clones,False,In-House,Single
INH051904,INH051900,INH050000,rRNA,INH05_Novak2019Clones,False,In-House,Single
INH052001,INH052000,INH050000,rRNA,INH05_Novak2019Clones,False,In-House,Single
INH052002,INH052000,INH050000,rRNA,INH05_Novak2019Clones,False,In-House,Single
INH052003,INH052000,INH050000,rRNA,INH05_Novak2019Clones,False,In-House,Single
INH052004,INH052000,INH050000,rRNA,INH05_Novak2019Clones,False,In-House,Single
INH052101,INH052100,INH050000,rRNA,INH05_Novak2019Clones,False,In-House,Single
INH052102,INH052100,INH050000,rRNA,INH05_Novak2019Clones,False,In-House,Single
INH052103,INH052100,INH050000,rRNA,INH05_Novak2019Clones,False,In-House,Single
INH052104,INH052100,INH050000,rRNA,INH05_Novak2019Clones,False,In-House,Single
INH052201,INH052200,INH050000,rRNA,INH05_Novak2019Clones,False,In-House,Single
INH052202,INH052200,INH050000,rRNA,INH05_Novak2019Clones,False,In-House,Single
INH052203,INH052200,INH050000,rRNA,INH05_Novak2019Clones,False,In-House,Single
INH052204,INH052200,INH050000,rRNA,INH05_Novak2019Clones,False,In-House,Single
INH052301,INH052300,INH050000,rRNA,INH05_Novak2019Clones,False,In-House,Single
INH052302,INH052300,INH050000,rRNA,INH05_Novak2019Clones,False,In-House,Single
INH052303,INH052300,INH050000,rRNA,INH05_Novak2019Clones,False,In-House,Single
INH052304,INH052300,INH050000,rRNA,INH05_Novak2019Clones,False,In-House,Single
INH052401,INH052400,INH050000,rRNA,INH05_Novak2019Clones,False,In-House,Single
INH052402,INH052400,INH050000,rRNA,INH05_Novak2019Clones,False,In-House,Single
INH052403,INH052400,INH050000,rRNA,INH05_Novak2019Clones,False,In-House,Single
INH052404,INH052400,INH050000,rRNA,INH05_Novak2019Clones,False,In-House,Single
INH052501,INH052500,INH050000,rRNA,INH05_Novak2019Clones,False,In-House,Single
INH052502,INH052500,INH050000,rRNA,INH05_Novak2019Clones,False,In-House,Single
INH052503,INH052500,INH050000,rRNA,INH05_Novak2019Clones,False,In-House,Single
INH052504,INH052500,INH050000,rRNA,INH05_Novak2019Clones,False,In-House,Single
INH052601,INH052600,INH050000,rRNA,INH05_Novak2019Clones,False,In-House,Single
INH052602,INH052600,INH050000,rRNA,INH05_Novak2019Clones,False,In-House,Single
INH052603,INH052600,INH050000,rRNA,INH05_Novak2019Clones,False,In-House,Single
INH052604,INH052600,INH050000,rRNA,INH05_Novak2019Clones,False,In-House,Single
INH052701,INH052700,INH050000,rRNA,INH05_Novak2019Clones,False,In-House,Single
INH052702,INH052700,INH050000,rRNA,INH05_Novak2019Clones,False,In-House,Single
INH052703,INH052700,INH050000,rRNA,INH05_Novak2019Clones,False,In-House,Single
INH052704,INH052700,INH050000,rRNA,INH05_Novak2019Clones,False,In-House,Single
INH052801,INH052800,INH050000,rRNA,INH05_Novak2019Clones,False,In-House,Single
INH052802,INH052800,INH050000,rRNA,INH05_Novak2019Clones,False,In-House,Single
INH052803,INH052800,INH050000,rRNA,INH05_Novak2019Clones,False,In-House,Single
INH052804,INH052800,INH050000,rRNA,INH05_Novak2019Clones,False,In-House,Single
INH052901,INH052900,INH050000,rRNA,INH05_Novak2019Clones,False,In-House,Single
INH052902,INH052900,INH050000,rRNA,INH05_Novak2019Clones,False,In-House,Single
INH052903,INH052900,INH050000,rRNA,INH05_Novak2019Clones,False,In-House,Single
INH052904,INH052900,INH050000,rRNA,INH05_Novak2019Clones,False,In-House,Single
INH053001,INH053000,INH050000,rRNA,INH05_Novak2019Clones,False,In-House,Single
INH053002,INH053000,INH050000,rRNA,INH05_Novak2019Clones,False,In-House,Single
INH053003,INH053000,INH050000,rRNA,INH05_Novak2019Clones,False,In-House,Single
INH053004,INH053000,INH050000,rRNA,INH05_Novak2019Clones,False,In-House,Single
INH053101,INH053100,INH050000,rRNA,INH05_Novak2019Clones,False,In-House,Single
INH053102,INH053100,INH050000,rRNA,INH05_Novak2019Clones,False,In-House,Single
INH053103,INH053100,INH050000,rRNA,INH05_Novak2019Clones,False,In-House,Single
INH053104,INH053100,INH050000,rRNA,INH05_Novak2019Clones,False,In-House,Single
INH053201,INH053200,INH050000,rRNA,INH05_Novak2019Clones,False,In-House,Single
INH053202,INH053200,INH050000,rRNA,INH05_Novak2019Clones,False,In-House,Single
INH053203,INH053200,INH050000,rRNA,INH05_Novak2019Clones,False,In-House,Single
INH053204,INH053200,INH050000,rRNA,INH05_Novak2019Clones,False,In-House,Single
INH053301,INH053300,INH050000,rRNA,INH05_Novak2019Clones,False,In-House,Single
INH053302,INH053300,INH050000,rRNA,INH05_Novak2019Clones,False,In-House,Single
INH053303,INH053300,INH050000,rRNA,INH05_Novak2019Clones,False,In-House,Single
INH053304,INH053300,INH050000,rRNA,INH05_Novak2019Clones,False,In-House,Single
INH053401,INH053400,INH050000,rRNA,INH05_Novak2019Clones,False,In-House,Single
INH053402,INH053400,INH050000,rRNA,INH05_Novak2019Clones,False,In-House,Single
INH053403,INH053400,INH050000,rRNA,INH05_Novak2019Clones,False,In-House,Single
INH053404,INH053400,INH050000,rRNA,INH05_Novak2019Clones,False,In-House,Single
INH053501,INH053500,INH050000,rRNA,INH05_Novak2019Clones,False,In-House,Single
INH053502,INH053500,INH050000,rRNA,INH05_Novak2019Clones,False,In-House,Single
INH053503,INH053500,INH050000,rRNA,INH05_Novak2019Clones,False,In-House,Single
INH053504,INH053500,INH050000,rRNA,INH05_Novak2019Clones,False,In-House,Single
INH053601,INH053600,INH050000,rRNA,INH05_Novak2019Clones,False,In-House,Single
INH053602,INH053600,INH050000,rRNA,INH05_Novak2019Clones,False,In-House,Single
INH053603,INH053600,INH050000,rRNA,INH05_Novak2019Clones,False,In-House,Single
INH053604,INH053600,INH050000,rRNA,INH05_Novak2019Clones,False,In-House,Single
INH053701,INH053700,INH050000,rRNA,INH05_Novak2019Clones,False,In-House,Single
INH053702,INH053700,INH050000,rRNA,INH05_Novak2019Clones,False,In-House,Single
INH053703,INH053700,INH050000,rRNA,INH05_Novak2019Clones,False,In-House,Single
INH053704,INH053700,INH050000,rRNA,INH05_Novak2019Clones,False,In-House,Single
INH053801,INH053800,INH050000,rRNA,INH05_Novak2019Clones,False,In-House,Single
INH053802,INH053800,INH050000,rRNA,INH05_Novak2019Clones,False,In-House,Single
INH053803,INH053800,INH050000,rRNA,INH05_Novak2019Clones,False,In-House,Single
INH053804,INH053800,INH050000,rRNA,INH05_Novak2019Clones,False,In-House,Single
INH053901,INH053900,INH050000,rRNA,INH05_Novak2019Clones,False,In-House,Single
INH053902,INH053900,INH050000,rRNA,INH05_Novak2019Clones,False,In-House,Single
INH053903,INH053900,INH050000,rRNA,INH05_Novak2019Clones,False,In-House,Single
INH053904,INH053900,INH050000,rRNA,INH05_Novak2019Clones,False,In-House,Single
INH054001,INH054000,INH050000,rRNA,INH05_Novak2019Clones,False,In-House,Single
INH054002,INH054000,INH050000,rRNA,INH05_Novak2019Clones,False,In-House,Single
INH054003,INH054000,INH050000,rRNA,INH05_Novak2019Clones,False,In-House,Single
INH054004,INH054000,INH050000,rRNA,INH05_Novak2019Clones,False,In-House,Single
INH054101,INH054100,INH050000,rRNA,INH05_Novak2019Clones,False,In-House,Single
INH054102,INH054100,INH050000,rRNA,INH05_Novak2019Clones,False,In-House,Single
INH054103,INH054100,INH050000,rRNA,INH05_Novak2019Clones,False,In-House,Single
INH054104,INH054100,INH050000,rRNA,INH05_Novak2019Clones,False,In-House,Single
INH054201,INH054200,INH050000,rRNA,INH05_Novak2019Clones,False,In-House,Single
INH054202,INH054200,INH050000,rRNA,INH05_Novak2019Clones,False,In-House,Single
INH054203,INH054200,INH050000,rRNA,INH05_Novak2019Clones,False,In-House,Single
INH054204,INH054200,INH050000,rRNA,INH05_Novak2019Clones,False,In-House,Single
INH060101,INH060100,INH060000,rRNA,INH06_Ruckerbauer,False,In-House,Single
INH060102,INH060100,INH060000,rRNA,INH06_Ruckerbauer,False,In-House,Single
INH060201,INH060200,INH060000,rRNA,INH06_Ruckerbauer,False,In-House,Single
INH060202,INH060200,INH060000,rRNA,INH06_Ruckerbauer,False,In-House,Single
INH060301,INH060300,INH060000,rRNA,INH06_Ruckerbauer,False,In-House,Single
INH060302,INH060300,INH060000,rRNA,INH06_Ruckerbauer,False,In-House,Single
INH060401,INH060400,INH060000,rRNA,INH06_Ruckerbauer,False,In-House,Single
INH060402,INH060400,INH060000,rRNA,INH06_Ruckerbauer,False,In-House,Single
INH060501,INH060500,INH060000,rRNA,INH06_Ruckerbauer,False,In-House,Single
INH060502,INH060500,INH060000,rRNA,INH06_Ruckerbauer,False,In-House,Single
INH060601,INH060600,INH060000,rRNA,INH06_Ruckerbauer,False,In-House,Single
INH060602,INH060600,INH060000,rRNA,INH06_Ruckerbauer,False,In-House,Single
INH060701,INH060700,INH060000,rRNA,INH06_Ruckerbauer,False,In-House,Single
INH060702,INH060700,INH060000,rRNA,INH06_Ruckerbauer,False,In-House,Single
INH060801,INH060800,INH060000,rRNA,INH06_Ruckerbauer,False,In-House,Single
INH060802,INH060800,INH060000,rRNA,INH06_Ruckerbauer,False,In-House,Single
INH060901,INH060900,INH060000,rRNA,INH06_Ruckerbauer,False,In-House,Single
INH060902,INH060900,INH060000,rRNA,INH06_Ruckerbauer,False,In-House,Single
INH061001,INH061000,INH060000,rRNA,INH06_Ruckerbauer,False,In-House,Single
INH061002,INH061000,INH060000,rRNA,INH06_Ruckerbauer,False,In-House,Single
INH061101,INH061100,INH060000,rRNA,INH06_Ruckerbauer,False,In-House,Single
INH061102,INH061100,INH060000,rRNA,INH06_Ruckerbauer,False,In-House,Single
INH061201,INH061200,INH060000,rRNA,INH06_Ruckerbauer,False,In-House,Single
INH061202,INH061200,INH060000,rRNA,INH06_Ruckerbauer,False,In-House,Single
INH061301,INH061300,INH060000,rRNA,INH06_Ruckerbauer,False,In-House,Single
INH061302,INH061300,INH060000,rRNA,INH06_Ruckerbauer,False,In-House,Single
INH061401,INH061400,INH060000,rRNA,INH06_Ruckerbauer,False,In-House,Single
INH061402,INH061400,INH060000,rRNA,INH06_Ruckerbauer,False,In-House,Single
INH061501,INH061500,INH060000,rRNA,INH06_Ruckerbauer,False,In-House,Single
INH061502,INH061500,INH060000,rRNA,INH06_Ruckerbauer,False,In-House,Single
INH061601,INH061600,INH060000,rRNA,INH06_Ruckerbauer,False,In-House,Single
INH061602,INH061600,INH060000,rRNA,INH06_Ruckerbauer,False,In-House,Single
INH061701,INH061700,INH060000,rRNA,INH06_Ruckerbauer,False,In-House,Single
INH061702,INH061700,INH060000,rRNA,INH06_Ruckerbauer,False,In-House,Single
INH061801,INH061800,INH060000,rRNA,INH06_Ruckerbauer,False,In-House,Single
INH061802,INH061800,INH060000,rRNA,INH06_Ruckerbauer,False,In-House,Single
INH061901,INH061900,INH060000,rRNA,INH06_Ruckerbauer,False,In-House,Single
INH061902,INH061900,INH060000,rRNA,INH06_Ruckerbauer,False,In-House,Single
INH062001,INH062000,INH060000,rRNA,INH06_Ruckerbauer,False,In-House,Single
INH062002,INH062000,INH060000,rRNA,INH06_Ruckerbauer,False,In-House,Single
INH062101,INH062100,INH060000,rRNA,INH06_Ruckerbauer,False,In-House,Single
INH062102,INH062100,INH060000,rRNA,INH06_Ruckerbauer,False,In-House,Single
INH062201,INH062200,INH060000,rRNA,INH06_Ruckerbauer,False,In-House,Single
INH062202,INH062200,INH060000,rRNA,INH06_Ruckerbauer,False,In-House,Single
INH062301,INH062300,INH060000,rRNA,INH06_Ruckerbauer,False,In-House,Single
INH062302,INH062300,INH060000,rRNA,INH06_Ruckerbauer,False,In-House,Single
INH062401,INH062400,INH060000,rRNA,INH06_Ruckerbauer,False,In-House,Single
INH062402,INH062400,INH060000,rRNA,INH06_Ruckerbauer,False,In-House,Single
INH062501,INH062500,INH060000,rRNA,INH06_Ruckerbauer,False,In-House,Single
INH062502,INH062500,INH060000,rRNA,INH06_Ruckerbauer,False,In-House,Single
INH070101,INH070100,INH070000,polyA,INH07_NovakTempShift,False,In-House,Single
INH070201,INH070200,INH070000,polyA,INH07_NovakTempShift,False,In-House,Single
INH070301,INH070300,INH070000,polyA,INH07_NovakTempShift,False,In-House,Single
INH070401,INH070400,INH070000,polyA,INH07_NovakTempShift,False,In-House,Single
INH070501,INH070500,INH070000,polyA,INH07_NovakTempShift,False,In-House,Single
INH070601,INH070600,INH070000,polyA,INH07_NovakTempShift,False,In-House,Single
INH070701,INH070700,INH070000,polyA,INH07_NovakTempShift,False,In-House,Single
INH070801,INH070800,INH070000,polyA,INH07_NovakTempShift,False,In-House,Single
INH070901,INH070900,INH070000,polyA,INH07_NovakTempShift,False,In-House,Single
INH071001,INH071000,INH070000,polyA,INH07_NovakTempShift,False,In-House,Single
